{"cameraMode":{"drawMode":0,"name":"Shaded","section":"Shading Mode"},"sceneLighting":true,"audioPlay":false,"sceneViewState":{"m_AlwaysRefresh":false,"showFog":true,"showSkybox":false,"showFlares":true,"showImageEffects":true,"showParticleSystems":true,"showVisualEffectGraphs":true,"m_FxEnabled":true},"in2DMode":false,"pivot":{"x":0.34104591608047488,"y":0.8301385641098023,"z":-0.11662736535072327},"rotation":{"x":0.08762326091527939,"y":0.5830414891242981,"z":-0.06330534815788269,"w":0.8052349090576172},"size":1.0362987518310547,"orthographic":false}