{"cameraMode":{"drawMode":0,"name":"Shaded","section":"Shading Mode"},"sceneLighting":true,"audioPlay":false,"sceneViewState":{"m_AlwaysRefresh":false,"showFog":true,"showSkybox":false,"showFlares":true,"showImageEffects":true,"showParticleSystems":true,"showVisualEffectGraphs":true,"m_FxEnabled":true},"in2DMode":false,"pivot":{"x":0.12140309810638428,"y":-2.212094306945801,"z":0.26234006881713869},"rotation":{"x":0.2689039707183838,"y":0.5088884830474854,"z":-0.1709805279970169,"w":0.7996997237205505},"size":1.2765042781829835,"orthographic":false}