{"cameraMode":{"drawMode":0,"name":"Shaded","section":"Shading Mode"},"sceneLighting":true,"audioPlay":false,"sceneViewState":{"m_AlwaysRefresh":false,"showFog":true,"showSkybox":true,"showFlares":true,"showImageEffects":true,"showParticleSystems":true,"showVisualEffectGraphs":true,"m_FxEnabled":true},"in2DMode":false,"pivot":{"x":13.319278717041016,"y":-5.172579765319824,"z":24.366918563842775},"rotation":{"x":0.15119801461696626,"y":0.5394049286842346,"z":-0.09915672987699509,"w":0.8224171996116638},"size":2.383784294128418,"orthographic":false}